{
	"miniprogramRoot": "miniprogram/",
	"cloudfunctionRoot": "cloudfunctions/",
	"setting": {
		"urlCheck": true,
		"es6": true,
		"postcss": true,
		"minified": true,
		"newFeature": true
	},
	"appid": "wx3ae1f3fa04f8fb99",
	"projectname": "CJRXHTreeHole",
	"libVersion": "2.7.4",
	"simulatorType": "wechat",
	"simulatorPluginLibVersion": {},
	"cloudfunctionTemplateRoot": "cloudfunctionTemplate",
	"condition": {
		"search": {
			"current": -1,
			"list": []
		},
		"conversation": {
			"current": -1,
			"list": []
		},
		"plugin": {
			"current": -1,
			"list": []
		},
		"game": {
			"list": []
		},
		"miniprogram": {
			"current": 7,
			"list": [
				{
					"id": -1,
					"name": "db guide",
					"pathName": "pages/databaseGuide/databaseGuide",
					"query": ""
				},
				{
					"id": -1,
					"name": "树洞",
					"pathName": "pages/index/index",
					"query": "",
					"scene": null
				},
				{
					"id": -1,
					"name": "发布话题",
					"pathName": "pages/publishTopics/publishTopics",
					"query": "",
					"scene": null
				},
				{
					"id": -1,
					"name": "消息页",
					"pathName": "pages/message/message",
					"query": "",
					"scene": null
				},
				{
					"id": -1,
					"name": "点赞页",
					"pathName": "pages/thumbup/thumbup",
					"query": "",
					"scene": null
				},
				{
					"id": -1,
					"name": "评论页",
					"pathName": "pages/comments/comments",
					"query": "",
					"scene": null
				},
				{
					"id": 6,
					"name": "话题详情",
					"pathName": "pages/topicDetials/topicDetials",
					"query": "",
					"scene": null
				},
				{
					"id": -1,
					"name": "点赞页",
					"pathName": "pages/thumbup/thumbup",
					"scene": null
				}
			]
		}
	}
}